{"coco/AP": 0.6675324046923455, "coco/AP .5": 1.0, "coco/AP .75": 0.7455458344800221, "coco/AP (M)": -1.0, "coco/AP (L)": 0.6675324046923455, "coco/AR": 0.7000000000000001, "coco/AR .5": 1.0, "coco/AR .75": 0.8095238095238095, "coco/AR (M)": -1.0, "coco/AR (L)": 0.7000000000000001, "PCK": 0.9637188208616779, "AUC": 0.08854875283446711, "NME": 0.048183813116718044, "data_time": 2.6877477566401162, "time": 3.1958988507588706}