{"coco/bbox_mAP": 0.771, "coco/bbox_mAP_50": 0.964, "coco/bbox_mAP_75": 0.946, "coco/bbox_mAP_s": -1.0, "coco/bbox_mAP_m": -1.0, "coco/bbox_mAP_l": 0.771, "data_time": 0.6266339475458319, "time": 0.9541401646353982}